1;625.3571907549778;871604000.5750604;68;3800428545
2;525.1137993104978;831080630.0860692;82;9544091470
3;568.5836985180465;391046529.75767046;20;7048982181
4;381.86239695649584;845072047.458379;21;937362059
5;913.471309422184;724756674.8535146;49;9835450408
6;630.9195093317718;680162663.2126659;48;9877049252
7;406.1864585347586;870606026.9845958;34;3315897745
8;419.61269537496605;171828520.3482203;75;1875570230
9;64.3827095340243;999673854.2082483;31;2323915409
10;853.4053694449811;496877765.699137;79;8908246641
11;884.171602645124;20123607.724327605;28;8094566942
12;714.7352654221082;863532061.6479937;79;6602156389
13;975.1476382854917;675201882.1877847;99;5005202594
14;884.0646022920889;559420110.1607019;40;9089697041
15;768.9303949728467;284966819.6730322;33;8229295539
16;292.29859356762915;489248298.05430794;83;691482579
17;627.8660571888084;286299836.72600603;34;7255152883
18;181.76518796849206;653955386.7681042;68;8668276258
19;507.78118470646467;957778333.7698829;36;9904539335
20;381.5488485701023;787523345.979487;79;2984391285
21;871.1737455382814;801291157.0161226;66;675893941
22;222.6977208549861;789070190.027595;16;6643435587
23;640.7142526034125;804062401.5028709;58;6502506051
24;636.7882442597639;731204355.4176466;45;3727333500
25;7.26734107286751;917552563.2041742;66;5778579553
26;244.13822897952318;864976635.0830574;91;1272602992
27;444.68891040222803;780486706.8848349;61;1257002629
28;442.1617249453325;358365328.465533;35;6234362470
29;340.1171143528327;98974374.61496331;1;5954420856
30;523.2130954722346;997979499.2513415;31;2219085067
31;542.4794626087241;57623343.97194713;19;2241174888
32;182.88576736023774;89935511.12138489;65;9706653318
33;649.4537551890019;310753864.15388507;15;1705367475
34;190.74065395608946;828815372.7898045;25;6330335091
35;583.6870512010913;221810029.54848063;12;9789165313
36;522.9147636832971;133490500.98551954;63;390165420
37;900.3538287677537;990161685.951469;18;6155622594
38;23.596319877525318;488281397.57117546;81;4745785182
39;72.40166171102801;918633292.8884504;80;9728896295
40;378.266735271947;710827615.4025458;48;7128075774
41;172.19219102950473;169781331.82618782;34;8213343537
42;942.4995205414223;610259664.092485;51;3840150449
43;194.53271459903755;352591421.9874085;8;312309714
44;598.4056006116333;713499009.2941874;63;8253153802
45;312.24624766994384;297229935.64649904;53;825976983
46;717.1299194593213;652768492.390711;57;66075200
47;337.0157541258681;244868471.29362828;6;2745142125
48;723.5493139571986;171887631.36116853;86;7160370935
49;100.81878482882192;828015452.2659159;9;1058338148
50;951.0835984384717;743620383.0711646;90;8767446339
51;128.07198664743964;440288545.7446643;85;1341098475
52;194.6838831415571;945223893.7539251;15;6533712739
53;445.18385395290693;961619953.0647147;7;2743558855
54;781.415134924593;518362172.44810104;22;6259315962
55;104.83590846843043;922555702.4208121;57;1603557738
56;497.15653532871556;918355750.9779133;69;3236151251
57;645.4102664435208;208800949.30846497;85;8983361410
58;971.059445589978;461684799.35923934;62;4102961938
59;91.5223576899971;264789547.13177344;93;9521096958
60;290.4694155318318;260389368.6812061;93;7579769214
61;310.80623594432274;654819956.7562041;33;1168435186
62;508.99508339464103;825725707.0559316;15;9481795298
63;116.01767333099279;812940464.7100723;22;4548124230
64;244.08904648109603;628934151.9213506;65;9708080057
65;550.5637800466317;934014811.0603507;73;4832728186
66;611.2214639146155;166055051.66392222;62;8764447980
67;638.7910075244727;945662028.181425;32;290503118
68;11.7758042678332;354299265.115718;93;2706639533
69;156.595131316855;444358361.9330336;65;9984444401
70;919.5720332007038;69265254.49076764;77;4558875331
71;364.0464323857692;131848930.81839395;11;295072312
72;138.35073315269514;731600618.1252545;88;1758253962
73;610.212592700881;512210500.19285536;92;3242584739
74;657.8127272617821;308060125.4046015;22;3284088944
75;536.9457532104587;733723802.085083;97;745308501
76;153.25928759147158;545642591.042956;99;3709293718
77;155.9526906303669;856405005.2829486;49;9781422367
78;256.97383392842175;17701047.588842582;53;421268296
79;33.280452461505284;858030273.4576148;61;994519104
80;696.0867045990857;276704178.4440305;54;5231704832
81;313.5308509518838;772593332.8962632;90;8512273739
82;577.4590765505206;864762383.6861537;47;5525834400
83;756.7630402329753;989042175.9755336;96;1486433586
84;935.4164547905937;307029613.31426287;86;2880775370
85;415.52723618140374;20534614.19411433;11;9456133955
86;706.912386975045;139871412.0102937;8;6326968180
87;539.5032286689783;81699371.59661503;40;455008281
88;725.0155389595898;787975958.8293443;53;3098491076
89;302.65268972607544;157109420.8013009;40;8305188235
90;234.86169035286198;668302987.8887515;50;521378963
91;829.1831170034075;809803146.3812762;11;668480792
92;915.0487793797199;630410791.4510309;6;110185471
93;145.21297695378584;148905305.72606367;94;641236633
94;486.39618563522976;460055547.93218434;9;9664649945
95;986.8522431648285;272254293.85563534;68;5471141645
96;656.4242127941205;853417572.0025742;79;5880039910
97;138.1229957544393;710664765.0370651;86;2318819361
98;737.4748752631181;740154192.5390452;68;7736970247
99;908.1752608368872;206398940.806658;25;915859138
100;794.1387467471815;791807874.6395084;78;1788408014
101;601.1455201935098;119617825.4486197;11;5522737793
102;731.729457860026;657983000.6570798;93;4448575035
103;977.0782054222332;616924630.9367201;21;7458392406
104;46.849988395024;950129995.5467951;5;7804033489
105;970.7553709109933;891867916.7337289;49;6363550385
106;335.9455565043309;551573507.9011976;58;5123727964
107;827.1895426260877;292782115.64863294;57;8600888484
108;204.59957802446723;664883390.4508845;19;8406970952
109;876.6262342180289;879177706.7068162;51;5416644571
110;434.7855713697818;451652386.6572133;5;7140036526
111;177.00763908472058;579548880.9484378;6;5381475435
112;538.5239595632021;873511584.6851062;29;5937053075
113;80.24762937068228;707620783.9715353;71;9784401506
114;601.1297658622034;546172568.0311239;43;8063099131
115;990.8208887865015;726475320.3135275;46;1270813098
116;65.77468891957452;880434916.4643892;65;1226851372
117;486.9229005497714;672977036.0504972;90;9358494424
118;432.65592695694494;687607055.0256422;18;1366246186
119;47.125054778230684;467633835.52309173;4;5350639748
120;239.79655893233723;268799143.43513644;99;1611900185
121;421.5393036685071;481631293.6037779;73;7506425863
122;604.6643655094417;997431530.3996421;19;8776254564
123;774.1949510036518;260310091.3433456;72;5822597431
124;206.1790878066742;881853441.998151;66;5559956650
125;348.681545755845;631715968.446983;14;9911135039
126;154.80271726710114;179897170.7039899;98;1879037713
127;491.83340760172865;440916320.39111644;70;2736930332
128;0.2702633894358274;870517778.8542305;9;6258953292
129;835.3634171834937;610038999.1673789;73;8787069916
130;969.8078542204966;962782336.9377211;22;5776330007
131;768.4677105640465;354243678.4962783;18;3485679985
132;599.6895937819968;169297934.60264075;57;2533339382
133;357.729184279213;150178887.85871616;54;8546069441
134;249.69924543947127;324151628.3867776;51;8509902776
135;556.6198689180231;127204545.18317242;91;436236323
136;271.50799714871295;396820951.14379275;6;4891480731
137;579.1261208311327;690897659.2135985;16;9634259691
138;705.0221937804049;235563025.98487794;47;705902019
139;827.9454930558621;855760302.4206908;72;7423075133
140;852.0159477795789;17391029.722710826;64;8111045569
141;989.1581935102505;119263766.9859412;36;7470009184
142;462.82574784570863;748682394.5277158;11;9367681048
143;184.2807633318025;611008089.0159534;28;2576178276
144;828.6433713116977;195213563.9311989;4;5199417583
145;406.97335159221103;734298933.732059;65;4483277849
146;882.2181097149481;544323999.4962957;81;4133280649
147;401.81597093880526;720516858.7651933;69;1884198418
148;180.51226581881082;513815732.68050843;21;3738462526
149;267.6179056427173;668722319.0206003;48;8202288247
150;409.6454719780731;104431926.81066869;21;4235515085
151;324.217364126653;21373848.36289388;79;8165092677
152;44.981874339232284;700385537.5049747;3;1253220219
153;654.2971332046199;401886267.7305343;44;8646789396
154;140.46133824365668;909828647.9713167;26;7196762632
155;206.73879968824625;876970268.2065967;78;5527308137
156;948.8505956021453;236925551.96388122;53;6594964458
157;910.6085589746681;79778028.05601682;24;51992934
158;184.4197150079563;601045232.3749089;84;1493674481
159;137.72345469328013;688221247.2627783;70;2861077183
160;823.7717810125254;918224933.7829391;3;7556814166
161;610.301825848267;968426307.8928667;8;6812936456
162;662.1737704332191;990845895.6600837;2;1265125508
163;368.70020815396646;780750687.0654047;30;5693704501
164;874.6813932867883;324194335.9893302;47;4948508820
165;501.1879665408916;328269903.28286505;78;367198340
166;78.8914964527763;686600706.5958083;66;2716727874
167;620.5058347638169;555915312.64845;50;7139830843
168;174.63145784661884;764206574.0295676;84;2798532512
169;608.0849828402593;436861749.46623063;87;2442639194
170;789.7600064225772;867805273.1553639;53;5223734043
171;4.966560629829656;275082399.3411535;88;3718708659
172;883.7343505204977;355608361.3100586;61;2096560555
173;423.638864841163;401881995.95842004;35;6273970322
174;814.9545357275344;142300791.19730285;74;8243622361
175;518.5115939327189;275022938.00474876;67;3515309252
176;922.453448795047;440244989.172327;67;5155516318
177;754.7369504642498;107431617.28169738;4;362352186
178;274.5945606665341;725012303.448876;33;3292931677
179;120.24067063355356;988681696.4617336;35;867567983
180;415.99451320320424;136545383.63109377;70;8639950772
181;837.4153261487807;329996918.16017246;36;9306868275
182;950.2258444933967;351588264.1435562;91;6384042534
183;715.943941763171;649306748.3484845;77;4752748277
184;39.16421447174055;854801953.8332931;82;3578131304
185;952.6667722048477;471765671.355141;52;1863017202
186;412.2514203996596;195663176.1260126;74;4727552272
187;153.25871514587362;310014250.06458604;51;2295305545
188;152.51289216184315;930240169.5430282;29;4785276862
189;424.6678294609823;781034204.0268072;74;5966411779
190;134.03490751027863;20862378.7844763;51;3577643133
191;586.9137016139931;129902512.76423813;7;3959797264
192;690.0456235833936;603595308.3828499;71;6335664329
193;634.0844885913422;292625099.0220715;34;944719467
194;310.0752238290215;946322063.3387725;83;3338058614
195;192.47798858155622;330049807.5814161;69;5041622476
196;691.5313681778619;358990295.7754495;54;9519289756
197;660.9826208094906;450267795.18109846;4;8487426454
198;159.15672532257366;35376930.09193307;83;38983514
199;88.00850332558976;270887102.1414499;5;2199102099
200;786.1338864237479;500292020.0527703;91;1074509419
201;559.1521656330688;167342859.81172484;82;4439436132
202;310.4302863332781;308133480.0326679;2;7778155509
203;612.8006705252691;229217066.36619732;92;6642525733
204;20.13464977619822;830735594.437197;76;2017605800
205;48.22288160800383;420008024.37098;64;1961740569
206;908.3640392989034;204202317.46620482;40;1577118521
207;367.64469184679035;357890143.20330584;69;2834473471
208;711.3456421074766;383081530.3844351;84;4580743888
209;521.1357758317123;262446664.96014494;8;7646145647
210;797.4739866398578;96759497.72934534;32;4772356891
211;350.1831343396761;659996016.468495;71;1894697309
212;800.0823165833232;756886729.4701352;12;5844104588
213;786.025463617515;910296679.117455;8;8906322194
214;272.92213595814354;755527323.7762406;100;6967372284
215;544.5355942698635;343332058.49140185;69;3374885276
216;875.7984637912032;223607083.98637855;11;5123498141
217;777.8984897856777;291690454.9327165;76;5930951901
218;881.3462458970984;544440988.4395593;17;6714392332
219;359.2635656990924;429861669.72259784;76;513914480
220;237.94117923184567;51167270.28734557;85;8391047228
221;477.6035534643178;657657476.3320961;72;7662026702
222;824.5250738025907;169517198.62776002;53;3540040893
223;816.4822473850999;624584298.9248368;18;6283660188
224;572.547370372446;291158448.20030004;2;783445607
225;566.7335679470885;995865941.002132;67;5641797277
226;740.585656218039;445479977.24878037;44;9839622013
227;271.91111889864396;852664850.2699536;51;3795901524
228;781.3174449934819;498733887.7363223;60;210883594
229;285.4122664521469;218449154.38307554;28;3481983793
230;333.9278440661283;299696913.72227144;62;6209991151
231;87.34441404323077;597784505.0444497;19;1407740785
232;975.3848023568522;693593749.6506457;8;834495578
233;942.514583720161;629311353.2934227;67;607932885
234;746.0012730135655;622978596.5353413;40;8159921345
235;57.83973866556901;841009034.830718;12;7840951820
236;193.61977919225703;687254225.5904665;84;6665993379
237;712.3763816120829;992329426.8113154;91;7947430820
238;199.4067034184829;797876309.6395397;42;6713256856
239;173.029549863555;326904062.80706286;14;6710874573
240;530.8425388444819;395008569.5013348;13;243864015
241;639.0509291904093;479904857.34631103;13;1457989047
242;970.6781909298652;975842653.9980704;10;2515123801
243;139.71027852949925;268004952.6465896;64;5029912606
244;91.39643094479916;322273491.54102945;99;2422552278
245;122.24693297115257;901064142.934428;77;224842375
246;860.7833059932901;874795062.2518473;69;6572604493
247;325.524987590955;378961311.32697856;57;454861888
248;865.1156829506047;207575766.07827392;36;8725109632
249;790.8161335073676;528127678.49101335;65;1693553928
250;957.6309170131005;210206642.36392522;74;177459817
251;51.36979961436478;720716000.2308611;95;9941350411
252;969.642151828355;339806388.50582314;80;9255488139
253;243.06776591930392;923281022.0323571;96;3935177940
254;153.8219496422108;560341280.5385653;59;9535771955
255;610.6291465403633;332189297.93682843;95;8434610084
256;616.6280977266626;673534856.4905576;100;7602417871
257;907.2967111902414;441575766.25328165;32;9640353822
258;90.77809571438239;834983602.3970022;54;7698585954
259;154.8823118492091;836233315.1118126;80;2509205325
260;152.6220781227264;389557020.95042616;20;4147717500
261;494.5304597654062;204883127.77340326;8;5619227564
262;280.11098967124434;94343576.66712068;74;4220000699
263;827.5131071024847;83333666.13687249;75;7774611339
264;316.78467158259764;681035193.8403968;97;4894255397
265;12.516400599092872;708473846.5503311;66;6545760661
266;878.8157281478437;319717947.1708802;2;4258399070
267;535.9305873762223;375540721.5996303;46;7594234516
268;129.41369907428674;840085460.3518761;22;6283121877
269;481.46960090991564;25896852.3633608;19;928259448
270;989.3698704452978;593962882.7612447;27;7757362497
271;875.6079503894197;799953506.7252022;1;4544553621
272;9.173477373459699;129567730.05736841;26;4732754207
273;598.7064118915954;376191143.85371464;24;4734071115
274;229.7888968190375;531148030.6852332;69;6342048641
275;78.52612039857799;139648561.7539197;11;460100817
276;911.7199165627449;140031784.28518867;7;6124791706
277;763.7591106268032;130806158.46471408;41;3625135
278;333.0044858633561;396371110.8646056;21;8132274001
279;15.673149311383314;259501124.8145508;3;7664329078
280;109.72217995827272;196668740.33580014;31;4587876727
281;240.60169642807887;787673304.1320431;60;8268106200
282;760.6190793579763;200670465.8816753;95;1645301992
283;617.1234446435278;131355526.33300915;95;3312423349
284;352.9846236632991;693922649.3863481;98;1426951126
285;360.006630808886;524213175.719524;0;7632110597
286;44.942143352657254;871217360.0833379;36;5500636999
287;909.5141952133824;394496600.5332754;71;21342890
288;595.9328671438836;790218607.5667114;68;3437602981
289;956.3284173247139;342446331.1179499;8;5982146805
290;370.46045622576656;641257571.7689214;22;2352278162
291;876.675281416017;450842953.9963402;93;3994528211
292;71.88054441063127;424183308.74780065;45;8157111479
293;225.3646908195998;86565000.88503003;76;3045245857
294;261.0678693295011;270320011.1486623;69;3764588454
295;878.9145305368269;379814037.87610185;99;2222453926
296;626.0453896658536;178505295.8875758;82;6330956061
297;555.3273983723901;258997748.57431963;93;5385993869
298;287.1490777254176;13796845.451900039;95;6045000037
299;556.3393822871814;968704607.5876145;92;359456320
300;428.2766571335048;184112298.9465326;48;6649742860
301;120.83138142287339;23862186.755775195;100;2918059812
302;197.8200718250832;487485919.1217495;42;4198451978
303;372.3872947188712;896013165.8302516;92;2019174375
304;2.47187001628972;916969242.4666526;45;3352086
305;264.1833917241682;678231079.9410124;57;4192479160
306;392.2054514883906;650170023.506787;53;5583677626
307;469.5551342609941;543996642.0303377;49;9333261010
308;252.43071377389876;920893134.3757056;61;3643771930
309;595.489148652829;723977408.6951212;53;6534515681
310;766.7883836796093;277611447.4934844;3;3661333185
311;935.3945540023054;358339627.3478008;23;9931762225
312;755.3668321410373;499328278.1229678;27;4490685245
313;965.7084667829116;702755447.0508171;30;7726949283
314;534.9464536717988;269537669.8213023;67;4791385642
315;298.1988255439416;872045725.4485425;14;1484469263
316;567.0348156897544;763200378.9521278;66;3681165527
317;487.9071273825475;369156410.25491977;25;2226167182
318;738.9802165856926;647443150.7088776;21;442585617
319;957.905188878148;672022663.8804915;5;7619191865
320;252.21167389989884;426374519.53189063;37;7047342687
321;921.0927215913543;513729844.6389518;22;82237207
322;678.2805812450479;496686322.3271355;89;1009492021
323;846.782354464818;757496623.0698702;43;1210616343
324;544.2498098818384;872567457.8146794;2;4344378234
325;41.43314655204288;944950326.3743008;52;4006387009
326;270.42754691697263;584567258.4631388;45;6971342564
327;458.85054761781754;222419133.7332905;84;1337190702
328;565.9625798721328;138470227.4171337;86;5578953394
329;26.18003877789862;492461533.9997288;29;4145860505
330;234.97580371211438;611056139.4872738;3;2985518913
331;608.3249688420692;152533056.36871627;9;8242446249
332;972.3283702762454;316328825.2998889;45;3449465553
333;962.0643069389954;669599532.0422101;98;8456382854
334;714.0027339768766;905276217.2915522;88;2591739730
335;490.8684968881609;547321668.2826374;96;61595103
336;960.4130118931221;594572294.4545808;95;33325271
337;449.03624084250697;519778839.298448;67;2409399254
338;166.0832976475938;48240970.61221825;39;8294287545
339;279.557963715277;940865805.5710553;90;3145160752
340;30.409467949899728;346327781.8594454;79;6085403550
341;868.1215860068302;852479946.7717614;82;2746670084
342;551.915669553365;76808688.51473188;39;5851897410
343;357.7137426799905;644026469.1704015;51;7398444800
344;541.6640281511288;120469672.57116069;63;24828530
345;870.628669131388;534995734.83281356;50;5891660817
346;38.183509069028794;258612230.40997726;52;3311789696
347;334.7718230546513;834826244.7862395;34;9604739830
348;324.52178783169785;486861428.50609684;44;6388869654
349;789.8386090332385;182756209.09718648;63;1487561885
350;155.77848987748038;476798607.91462594;23;8363715662
351;799.0992369849034;346949081.8088955;46;6236294230
352;630.2138961774228;651708576.0105044;7;4791436277
353;814.8190527626524;978696405.3014345;43;6169264551
354;834.9795249713218;595645366.3295815;88;9106294799
355;587.4029851923892;121441992.95697281;28;6659756584
356;362.6747027325449;636581612.3574456;14;7121268406
357;546.8061026631141;723539204.7701895;56;4396456259
358;977.3239697811654;102416187.45176867;66;8716432356
359;340.2240682995461;970460521.6790559;12;9612885886
360;508.8835806672122;669694516.657219;52;9898048787
361;355.0428525561658;201479100.94497368;72;7414707674
362;443.23561350476456;917463856.5831223;7;394987185
363;772.3152654069794;782449900.4720638;48;2455126809
364;901.1626416257564;75956145.89688128;32;5601165498
365;864.1250441299159;952099408.9515326;3;837979114
366;11.008933852122553;253820178.98022458;8;5135069341
367;296.3537205147351;676679341.3866531;33;7539373679
368;977.4398421158488;378550969.1259001;88;4341696963
369;629.3788986447267;644468471.628616;95;4088065359
370;932.0851441033388;346266437.2701324;24;7097944456
371;86.51165011855147;989792146.8386877;51;5436903080
372;214.17238286267553;765747205.9480988;37;8402503436
373;817.5783548503674;339263494.16035956;28;3807743403
374;313.198256646063;69666483.61974533;83;720496596
375;594.8074009160937;625893770.3100333;44;2183483811
376;511.514966565149;564932042.8464596;49;4109826239
377;678.1849240241828;947623304.9021437;73;4026613860
378;235.37596892029072;801156518.6066833;7;7575666444
379;969.044194160956;869880312.21666;2;5049275769
380;721.2857888122525;707692449.5522859;54;632718722
381;884.283460596184;542379635.5861211;12;9615364448
382;299.628677722722;456558730.67601305;23;9091364431
383;894.6763990661059;95482817.39650239;93;7083879487
384;376.3279415126523;242168443.4900389;87;7679713992
385;510.8783956364593;102571162.83781369;23;3117669098
386;81.83987839417433;256857424.44127414;10;3822568297
387;578.5949994063003;637813535.9902109;76;9484632413
388;733.999450402661;968257719.7884132;42;6069899641
389;803.2905796813249;730293504.397614;6;4033287079
390;781.0026932810922;64891787.735686935;1;591088178
391;931.426057096049;308992416.1694307;93;663178699
392;310.3123589422325;651645623.3053902;33;4880730016
393;334.56305478222396;646276340.6795712;10;9868138453
394;165.04474344592109;942170658.9711173;43;9039023662
395;642.9947780363617;106001417.76024307;62;2793151986
396;574.8901431480539;253060510.05536962;2;1499096199
397;336.9197736507115;658219598.2878251;64;4759375426
398;312.5289730471221;981378971.4548188;71;3092525656
399;286.8738520336049;56365221.24248265;82;162929935
400;456.79811433969405;830779600.2058032;35;559306217
401;300.8083697626274;913958710.0130606;10;2222736305
402;615.6757889430316;588100079.4881574;17;2193628367
403;896.8808314791376;558301805.8011461;18;9971709126
404;16.896105517380217;671598541.3852388;98;4086487432
405;929.275422730038;858044901.8267354;34;8276401308
406;76.3115717143859;935710498.0096083;27;4454531454
407;20.0994082749854;326950794.3561916;63;6845839361
408;47.59589870105471;446232676.95393544;6;4278248598
409;609.5761356626458;865978169.4406403;40;1755692821
410;610.7146686937997;161095059.78930253;96;8898493290
411;162.9626090747206;811649431.9371741;10;9763386148
412;382.6693921427311;853256367.0263944;16;2250555216
413;404.37016923345533;938183835.5728546;40;6615774159
414;222.7859638787277;11833779.825519172;58;594738412
415;512.2615581056598;255692323.95202798;87;9470599672
416;726.8956493178088;562931962.4839115;14;3684853849
417;790.3470417974762;804069627.9197723;17;3245485724
418;194.66732063389125;591500855.0179554;17;6944991085
419;61.90883006802021;942082521.3819971;23;5695563042
420;449.69476728647203;118494939.02309388;56;4990044402
421;247.56614715213604;991824294.3258673;45;5987491975
422;659.5932504929718;326913908.5598064;9;6098019804
423;174.00513004866812;897454685.0301179;56;5451134327
424;923.8630183242508;904178273.3727009;45;7629496906
425;527.0604156893199;108903095.34616318;67;8579160201
426;765.3045606093386;9840315.27568583;16;2935085959
427;909.8777135200601;195270501.9804658;64;2578262722
428;470.365858753956;711477885.136277;77;6030383128
429;679.7412933869016;172374434.06244916;42;9126773196
430;104.47895790224196;935580666.8250272;53;6249580009
431;970.7740910491148;440787005.4243893;79;6108966790
432;165.3739786328736;319018588.767493;68;3551651984
433;976.9205602668277;240825479.9001932;55;2871775594
434;753.6066681460936;788437330.8304195;35;2418362645
435;27.104244623333177;591266075.8367378;32;3139078235
436;851.0889098427888;788657177.3056945;2;9405502309
437;167.2850923684336;133784730.17521745;12;9711587954
438;764.5268544907083;862825334.8608365;84;1672077881
439;718.3182514339327;156869409.57299304;63;8391173255
440;142.83447341882143;931276397.8307303;65;9642924839
441;631.1010736891798;893869228.6306262;36;7726538916
442;65.36822327005693;227591110.9142169;19;4760950428
443;631.4607085493471;80204346.83963202;49;2544144309
444;587.7575301461568;809197609.2353027;37;5894208076
445;263.0816451810266;216668467.13562116;29;4046094086
446;941.3918537943821;731076161.0499452;80;1104795509
447;799.9367667832172;862311841.6221194;37;1215262094
448;358.01853390243224;322138784.3240658;22;4395207464
449;597.4494076724527;641591185.8621258;15;9843482770
450;369.506061683639;116378300.6905732;74;679243872
451;679.6388264517127;384984557.5159844;37;1604883298
452;436.5195681702846;434284489.2902172;90;3380861561
453;441.951477585616;295569440.0008435;43;5547754752
454;745.6406927925013;953989268.4932172;98;4536381117
455;751.7254463927367;124822716.43500444;83;6305371959
456;274.179650013153;742883278.2900033;49;6871269046
457;435.6678879186926;174011300.6740006;64;3326693385
458;666.3273355795204;213766791.25843495;75;9674691438
459;550.005206560465;534144851.8243853;49;6977482896
460;632.8570765550086;635441921.8917315;88;8338564268
461;758.4390636374604;20551627.24520764;53;1424116785
462;8.459336201326156;733964680.881844;48;5511606026
463;936.3701830766979;718315165.7919153;8;5925763247
464;907.2596807502817;269024908.7205367;8;698537164
465;465.0363289491184;167614706.29049346;42;713372157
466;819.0190718142977;51058804.73862449;79;2279409199
467;565.4285854403531;544383356.587556;92;3543103286
468;412.73037543740617;776928794.4335122;47;4250252632
469;971.9308586257847;550309547.8073416;52;2343651737
470;565.7634240462377;853402002.5318173;23;4550393574
471;355.9846567527241;368752168.0969167;66;2112746031
472;384.1288885832496;929223145.2098302;31;5539792653
473;717.0833939823026;517777693.40581506;70;1836093507
474;535.7191459113429;27455361.013783485;70;5100068930
475;596.5710439646532;229647924.43920574;4;8371433944
476;951.6415756982929;862073951.5285876;38;7538963444
477;403.55766151515934;636783542.6291695;82;4991358324
478;841.8426778242516;620369496.2296785;68;5657389979
479;904.9061526809929;168066867.739334;54;7382019361
480;425.2184783157481;566030075.695642;70;4656798223
481;658.3696282618604;326548731.79085696;42;1087288353
482;147.29620349451477;817277235.6804893;17;3807688208
483;343.57288577450163;385819311.67766225;82;2434939626
484;350.95456170612204;752675929.9226999;77;1112303511
485;184.59901429048637;195332301.50958696;82;1480766709
486;490.5463747645572;157559446.3452937;74;3893534182
487;637.4486734907657;481164345.35655075;74;7973486804
488;560.8070607476641;243842809.02848864;91;9228743958
489;823.3646680190925;687128173.829655;53;742594953
490;705.536385572077;97513169.76346664;87;3530725935
491;964.2854988662593;273857099.84926224;44;9164533280
492;273.7906947845307;720633229.4999882;37;5259396525
493;250.57434581006734;423110574.3582569;3;860168478
494;594.3016972009075;181458569.51772133;88;7442992270
495;389.37749557625256;579979545.4030411;77;2688499114
496;36.753795007594015;271647668.6237994;61;8845204779
497;984.1460124892578;194411499.8760026;15;9417984887
498;765.977371856839;821470929.9403695;54;8209983321
499;365.66697967622565;152022819.1669132;58;8503689961
500;832.6400996698812;334753318.02164364;23;4600893004
501;622.9655323875103;452564475.6625801;59;9227309016
502;504.1724663426212;929384044.3766963;28;3966966565
503;739.9380170709575;507810748.12421316;8;235149277
504;964.0066582218154;184402904.47395626;11;1369378550
505;629.6001397714059;722273290.9948521;19;3706994266
506;115.74454441748722;790579413.8147285;82;1341064578
507;908.8111639115466;90013011.1203597;36;2799038340
508;246.9630108759439;167707069.76196644;34;3347836226
509;626.0061544751766;39250486.96666367;8;9132485976
510;105.56634450401253;696468180.8847095;21;7437783650
511;782.5760234070107;442178446.99959093;19;8313030881
512;194.7975722138085;880092725.2442621;51;1762399627
513;863.4630603947514;980053093.4237088;72;9376276457
514;221.96578148685234;519992642.63302416;24;1784419176
515;154.3122270994811;184256756.60267085;85;7406987703
516;869.6702846484953;628039818.3048587;91;551500967
517;742.8447218977788;209007995.2622897;62;6746381185
518;506.5694369627479;254091915.36076525;46;3826643476
519;573.7459684296634;278485609.92399144;2;1792106784
520;801.7515680910909;777126360.559529;61;5447120100
521;178.0994087168291;424569600.32876694;20;8861602259
522;39.42363240345804;177053578.9553604;35;5463440535
523;246.64316495819503;800154422.0122885;55;2634029271
524;678.1117490034828;843541203.5244669;45;2244285567
525;535.421770533791;989923574.4803576;93;32875570
526;600.0671661677773;573283805.4337353;41;8368999157
527;440.45095916983735;261146848.75945163;83;501479144
528;97.52825779794907;490603921.511193;4;7447171053
529;409.76223261216234;36461714.68032178;21;7418834839
530;491.06738941223705;812790501.0454649;87;5513870964
531;349.1509340694111;191681155.77170447;27;1218535211
532;951.6477527281779;70901279.7965997;62;8938797962
533;948.3706141853997;346065628.4590913;49;4501229605
534;9.32974969512262;388383994.6487201;52;2145165999
535;167.81994685440995;105692985.01144156;14;6802487293
536;231.8536284853951;409911799.6544158;33;6879401310
537;731.1276852954859;644789832.6491505;51;5390021927
538;133.48933841625438;536073482.32000744;81;2709054096
539;464.84836650114227;506914245.2344378;37;4250364752
540;396.8399836839907;137011270.6129015;86;9604379945
541;701.9468888646189;363377781.7317847;5;7312090354
542;194.10076786023308;483961044.7703889;70;621407438
543;870.158730342514;266708809.12857604;65;6141523272
544;39.25151561577242;68883238.69269796;66;9773072831
545;829.369811179683;697773349.0162045;76;2748105186
546;556.464195775441;155514465.68132615;91;5434881593
547;166.97559345339872;750452033.6673994;82;3965229247
548;797.2853642442556;630014249.3959206;98;4570273021
549;934.4504212638084;697404385.2265235;62;8192753245
550;623.90853207471;418819623.3818526;17;9906240343
551;694.4296412505873;783020858.5476576;68;3220031015
552;125.56242023170614;700876959.3650138;22;1570824336
553;240.7908393490362;683833742.1277844;66;710470351
554;853.1533298986942;99735467.2504743;29;4680533826
555;139.57235925501772;393668547.90880793;8;9731173364
556;114.0323246033809;437663336.89884233;16;4154092836
557;799.7299916566992;862500621.8541061;84;729995637
558;772.8420546942932;690559863.1212658;26;4600625542
559;280.9711184140046;481231200.6093153;32;7361565422
560;796.7576944439144;517849061.0424056;6;7362643016
561;799.9123268038873;689417227.0844562;64;3803918768
562;312.46966153991804;414800877.05850047;82;9167769675
563;732.5187545617968;228661244.60487258;56;8673549100
564;870.1483320082166;308154228.470733;67;1264586559
565;332.2458854620236;209261008.00697142;47;5379933812
566;211.25269030159978;113619742.61558408;28;2533852431
567;387.12686293738193;406016945.1956503;59;4964919963
568;648.946659518921;674496197.5899782;66;2015757801
569;122.5030780550603;582062700.1669648;80;9949972281
570;898.0998919593404;975969842.3132405;29;5919503452
571;749.8910931634643;133310674.84150526;38;6385881995
572;373.0097721154004;169724718.37320107;79;1488475937
573;103.95345296444266;905039402.497064;52;8655271541
574;115.62578229410988;246616826.8603958;48;7076876899
575;581.88000271045;189026945.5418201;27;8951610596
576;672.040640915607;131688824.23470111;17;7732370143
577;236.77695520389722;146821419.9463221;20;1801044710
578;886.1099000540844;172049425.9485226;35;8352094124
579;368.54467126696926;617309054.8691562;28;1198518451
580;343.2299333929014;714489171.1316792;28;2998443287
581;796.2891222735676;862054790.93148;41;6272391993
582;135.15682352979692;32868087.109844364;33;3334015260
583;925.730059797777;118471183.14816801;22;6589490094
584;767.5672295405212;197195740.66135675;1;2248835776
585;580.1640279716055;711206031.1537051;60;7725414611
586;401.50779014855425;337840171.41431075;24;2853987554
587;430.892950124432;444490256.89921176;71;5228315066
588;195.28061551600365;574033327.9053615;68;4535610691
589;270.84893772833067;24490947.851022203;100;8402189806
590;662.6381912546016;855162683.5095823;2;9099039744
591;681.4368748725672;51462051.537962;83;4248229365
592;215.53590842943268;287597728.48267406;21;3125949365
593;580.3934709374535;669476027.8587788;96;7423899169
594;254.79870930266358;242098763.30091268;49;4487020870
595;1.5466602420498679;483389674.9313442;44;2214773484
596;720.8813133270187;375482055.8643304;89;1390847818
597;465.9855921000451;919465310.9125372;58;3097933190
598;545.6104140394383;321990342.4378389;63;1840212657
599;101.41309122695262;309395376.72209543;47;7098224274
600;66.67527959717424;971096413.2724379;13;8773073789
601;524.594637868977;227333124.98034972;97;4401431519
602;869.5141492670076;876866085.9613342;25;9400774100
603;441.17414809152257;491182370.5666382;6;9686798926
604;745.1205170590144;896852716.1093618;51;1176213784
605;515.024172031852;557697734.247888;39;652681101
606;943.4045068649949;355012588.8136286;56;5256961559
607;508.6682815547798;846377591.3770578;47;1759593302
608;783.2945914043959;151321266.7127926;32;2151625954
609;146.83537672232669;105435223.7195629;35;1961045953
610;290.2296070806602;912195772.7127211;65;3225876856
611;421.0503412256509;557201094.787714;16;1911897242
612;546.2422121021673;448390132.1973648;25;550953691
613;67.69195281494491;162613384.5264169;100;9330850214
614;732.8144013555885;975686709.6262642;35;3835639275
615;413.25881685564076;153243436.21988857;85;6552007528
616;118.28693952210155;546365517.4889609;75;5858058047
617;702.71147286916;700657818.9863181;35;3438117033
618;65.20148348852742;48612076.61440562;64;6741863761
619;879.5511150569207;30109937.415773727;48;4652941737
620;31.357197241160474;725264454.4949535;13;3184536964
621;549.0587675092762;593147045.8204575;65;651379702
622;834.8513655772315;159044987.40571707;80;4614771724
623;423.8145064346909;509297313.9522981;34;5221874765
624;463.30420154084686;115303364.198498;34;3531112932
625;653.1794780807631;212251171.6676121;19;756791742
626;86.22435234213256;237381822.74051592;53;8251274898
627;718.5633628851981;694259137.4581505;28;1957602779
628;104.04447543839593;253524747.5539458;46;7301017284
629;933.0049840892158;534394856.33147967;38;4632233757
630;709.731584689816;373155737.74017;22;1470844394
631;984.4841104736506;942304477.3277333;50;6672502568
632;245.36846789993726;567299376.8096063;28;1248110127
633;641.3624356255141;491758694.30033785;26;6181470982
634;691.3281830907317;711397108.4483564;20;9778549708
635;286.506466093284;463155346.4940688;92;4542239775
636;711.8195437600327;869855525.5244306;56;3751780403
637;617.6860366661683;938120854.7849014;17;1860271685
638;472.66188399202423;811598816.6731238;23;9742971285
639;864.4385698561236;129247511.09530601;92;8211875651
640;374.5802986434409;585120337.6065323;10;611114265
641;719.2662090079192;732709662.4371539;87;3064279492
642;325.55294879418904;393753827.682222;83;4317932915
643;355.52241500250875;620419495.8502955;56;192512375
644;244.19935568072967;510382607.3471843;10;2607495751
645;756.7461473846972;626718455.4717504;12;9722034036
646;133.05028330889587;26486622.425253678;99;7026041985
647;706.2069513544291;735769935.9505738;23;3539192180
648;702.1443793194213;225720445.74346927;1;4156898689
649;1.7657549129987;140395087.54711774;93;3055681664
650;113.28631433698868;738389860.3966887;93;3801602385
651;23.510694440258415;603892777.3583881;64;7600173951
652;370.2964391168047;22010518.433671318;87;3167513487
653;93.81540446002231;761070546.9389437;61;2755162621
654;422.9789813556392;646377573.0007162;19;5111851074
655;964.8909120976255;186544809.6358901;83;6654698923
656;971.245257538212;590824359.4029504;94;3759533878
657;212.97701223747612;123815317.66126359;4;4334388408
658;173.91337897834504;46795820.350545794;50;5288748967
659;949.916237433153;645325885.694159;8;443939991
660;861.8867322551054;550088498.5911939;11;4065389166
661;197.58839459143778;307672579.5610459;66;4226741015
662;262.7454086846999;372943387.4156635;5;4880208554
663;447.03420921923004;593850818.5492346;0;5125881685
664;946.5609157435349;300465520.22445387;20;3474661331
665;858.4695613715011;344271673.9190474;2;5676406002
666;649.4652938896897;822947241.3149378;20;8190211176
667;137.9249167903402;541497556.695164;28;6266732158
668;220.31378144272037;155830123.21703637;15;9382377903
669;606.2007985539861;707766937.7371292;26;4794392775
670;41.6812052097144;69557617.00543304;61;2404333494
671;830.4291282480298;279891025.8239263;17;583066856
672;415.5872008523709;281717254.6968901;79;8510940212
673;696.5135740383594;997223979.8756871;33;3951571148
674;739.424856081611;975857190.967715;14;857358435
675;68.70172385223822;374999070.1191828;38;3616988892
676;583.6903964137599;615106229.7722563;87;3109976013
677;965.9248369041677;105219176.5082954;37;1254957198
678;668.7063231690748;618650753.540742;51;6657800348
679;545.7640153715062;774998642.1167865;47;1616996295
680;987.0453662932575;882288156.01339;71;8963270248
681;416.93056053266463;235149434.04835254;60;3277561860
682;512.1238583369844;970282616.7438384;23;5510382781
683;17.75592849757822;811473132.6942799;41;8952721592
684;740.2587309054445;27047030.42859864;28;826293696
685;535.6457219586634;451377950.5592495;88;1582855077
686;829.9785741949387;172824931.59417006;67;990465016
687;762.87339825942;765337627.1599591;57;6300793814
688;366.3855551982776;282107192.1493189;6;7270697299
689;906.3434086757554;736091832.6626091;66;2935010812
690;370.86425300872173;127218946.7118982;57;1843875735
691;27.81966488676457;55466198.96153741;35;2901129598
692;916.2657650314507;784283104.3667449;47;2037999412
693;122.64262008778074;910491804.5529748;58;5776367430
694;870.25896654154;205902456.47431415;48;2213835178
695;436.43041797632077;790525147.8116405;22;7293592800
696;988.0087989222212;734255792.8712281;89;4351724049
697;709.1494132699856;388443317.96316683;60;9847583031
698;678.1393825990585;841392634.6236383;58;4985910366
699;353.74359969235644;438102263.13584965;8;9531097069
700;0.15886174995446883;564237041.0846603;7;5085361681
701;920.4650148833857;20643778.3979972;94;5546115282
702;161.69463523786953;158042240.03617376;43;2140315426
703;933.7754970537877;907170798.1483275;18;7347091043
704;649.3190464757148;371508231.2760273;77;5748628864
705;371.99736495330603;407635792.1399869;54;646420407
706;173.25727956465423;141606301.6962367;11;444053696
707;917.0634193639436;103719543.735231;31;3180958560
708;188.96632888177447;132766869.89679156;40;4087527204
709;279.137576351214;63377302.426835604;77;9823042010
710;258.75988255765543;627381933.9593638;64;860146229
711;250.666332595736;718826233.4013946;54;3029719410
712;980.1797115084368;746824743.5316687;91;3912354955
713;99.53291822367096;440508951.95465535;59;6332026554
714;251.5560193578549;54062613.18392727;100;3422408230
715;641.9616104046353;619168440.7655975;2;1919586996
716;863.2824915638688;740679866.3951807;28;8485288501
717;116.53488956068925;106033851.70419274;46;7172725745
718;511.65171546176026;307558611.7712412;38;4849674152
719;458.78186285302576;39322692.23133019;79;4814952253
720;659.0628263687212;245917402.55600142;86;1618980062
721;496.0226329723714;297216887.169156;12;504684338
722;140.82611350981855;925245867.2958034;81;2629957199
723;894.6750975643192;485319267.4362098;80;1397575397
724;37.42446465923319;260245334.08519745;0;973722728
725;635.2953163431094;388590221.42557585;81;5048364776
726;886.614418915968;98285410.32542704;60;3932013730
727;83.39038908097193;949354481.6229588;30;7534498043
728;30.096517749947655;315232631.94351447;63;3295364624
729;697.743219309716;112816552.90866147;79;8506463891
730;37.28552692238134;100640564.35242952;69;9472760761
731;457.53062484733715;463950030.2268217;54;6830347958
732;818.5718180864801;433683438.0343429;90;2133303444
733;447.02674536665563;121796803.37150154;16;7485643736
734;279.26134247412557;87779619.6409646;30;6483249868
735;886.5075346742985;722623831.6330187;39;2555167572
736;81.264136531073;740441966.8788447;44;1581214820
737;805.6347300577225;623692371.0227115;77;9411162311
738;498.0313342184104;279330715.7793913;27;6230098516
739;500.8031851703137;669755254.5433749;24;2404314528
740;155.61369767746282;380010845.2922955;87;6273373301
741;431.9109332768271;774473513.6761535;35;9662500016
742;218.59173772978147;974029782.0416276;93;2749981499
743;697.9440175408422;90774250.91704862;28;2489158403
744;67.71798180466412;2096930.111029093;6;7715433001
745;450.02563299954664;488266572.8411506;4;4347292451
746;345.8398488703527;960727687.591739;15;4563003352
747;915.0054548802535;578213714.1191316;89;6221207052
748;541.9134800474958;588213888.9232285;41;2030124143
749;271.1975427192237;176175440.53582698;69;8133991729
750;924.2068837890342;82434308.05473162;51;2396326850
751;459.29049430551225;648373791.5824022;26;2657128337
752;358.6954037396489;929545620.8026124;29;9667601538
753;220.47632247086713;616647071.676976;71;4131694059
754;690.7619621888878;366816385.3249271;72;2872803300
755;561.6275437774966;894994091.582466;13;6644202794
756;593.2656637750246;231566323.99023786;89;6563191765
757;92.55430251869906;957375547.6219449;22;4505571758
758;636.15522644535;715584635.5805595;64;9807509288
759;121.61947751558249;866933199.3174597;87;7125957148
760;950.5180855608963;982966345.3492899;55;6367544463
761;235.73731787369394;59535515.31098337;63;4701147227
762;412.3468341876229;218842191.14353675;82;9117696097
763;631.642844260545;976222791.639203;100;8550201591
764;966.3296810253496;731593547.4326155;46;4852488259
765;612.7459182514979;791467284.8118683;100;8660070712
766;439.843492909631;519950145.6758839;78;4008164021
767;580.8480159445827;399142287.2056258;53;7630408294
768;286.3013521964099;131472467.2315261;63;2943414179
769;457.651767787939;961553054.4312559;5;4601466888
770;447.21692542263395;439594173.295646;0;4711951622
771;262.4136147166976;856052858.2495923;95;1845892343
772;262.6283117381065;697892045.7699976;36;8663352305
773;133.6140430460622;147449296.56872135;20;1429834256
774;767.8448029183054;862739224.2127961;40;7908448559
775;896.1158004829342;804445151.1086394;45;2043525396
776;488.49964355155345;259838538.28120863;68;9399761963
777;300.129245812891;420955968.2671458;72;4339290946
778;837.5647144774476;975315086.1025952;24;1781062505
779;932.317365721285;646679602.5797259;38;5309876105
780;166.5887921421681;14305708.509669721;49;8593001136
781;987.2350325029498;946283938.7306596;51;1342107164
782;130.0852167611934;811699441.7269298;65;9920016302
783;813.9389204338966;684597318.4664739;90;7075939744
784;488.54018091126426;417418322.27352935;15;5319689918
785;686.3935789744141;397917619.1074709;45;541670124
786;781.1893790088573;805372534.4271244;69;7712428951
787;872.7151700210045;130458257.59690323;16;5251543831
788;551.4177562292266;917602825.3201786;78;4219127296
789;975.7126216632015;544609325.2883018;35;2575303736
790;233.26695353369715;504915624.87444586;33;8007367845
791;852.6451514169577;340490126.65337396;8;6232046044
792;333.58721895599535;611695595.6913846;4;3513283223
793;744.1383827552769;226512585.21892112;2;3251408131
794;41.76917359043878;95302396.32795267;41;188224991
795;375.12076730424235;541838151.3051729;86;6436777718
796;159.70931849804376;714076662.1479583;65;1787369908
797;412.2993832330881;199167098.91895956;73;3041617849
798;743.6857475707462;644196645.7068197;90;6432912315
799;233.55130709822328;111724212.76672569;27;1644769369
800;353.29029110026124;3220423.8988516587;64;7351338069
801;83.97829814372926;740702410.0759597;2;1895842823
802;813.0245778107475;276136571.4530851;2;6653321802
803;516.9607647558303;159875155.59830505;46;1583465499
804;768.8683541730513;919007541.9184612;61;3646465805
805;528.4685443433073;632600128.8170613;67;9673924851
806;634.4336471699531;906461905.2279832;39;468599165
807;558.6393181529625;749590653.9632154;49;6249653214
808;871.3107606374813;989364089.5317379;3;2719654225
809;466.3394623882465;459315691.37135994;18;9565767895
810;300.76432925712874;60098363.626454264;2;7620042266
811;522.109995600411;958833248.33494;7;8583310283
812;460.756097229845;415361426.0825043;74;5021844901
813;206.20209066937974;767225413.2443072;18;4220991137
814;938.8189942884136;183760256.01298773;56;3051090
815;975.091355990816;753234142.2624075;39;1340097626
816;996.6620622481394;253200972.80453473;24;6300587410
817;858.036337136666;846554594.7352808;86;8480430842
818;691.0683135144502;126626624.46663469;33;8039405864
819;287.451119732729;46788529.62499401;19;8651970754
820;346.6015901240336;598526138.5289288;19;7086246328
821;720.0145432448002;246861519.32880807;58;1936887888
822;631.8838943230909;707868140.1431946;30;9929102339
823;767.4264568373111;604958643.1528699;50;8669967945
824;487.34964415334764;219937248.07017136;94;1055261975
825;253.48192104650053;217250957.44115087;1;924637807
826;395.6381033612091;46035686.92451106;67;2664064193
827;865.7812577873484;978738530.1034387;29;2037988545
828;670.821082382757;748260687.3332961;97;8227441894
829;225.59330395735125;431465128.4243161;19;7912367937
830;47.29218117021823;964277800.2151572;91;9779638731
831;221.75470557225023;741475359.0533372;51;6790276752
832;800.1622179635878;665067495.4197636;12;3631940953
833;891.683824406531;464204917.3388173;86;546478291
834;877.0893624002077;889654162.8064268;85;7419340756
835;34.232750564134264;114778798.36337624;66;6210196384
836;582.6317592238477;224465368.99249065;2;3955561022
837;873.6235683241403;973314958.6806136;59;678059938
838;662.7543676500608;398431949.93907595;57;4307119848
839;956.2422099125247;247718062.0786256;54;4841800837
840;619.9177745838156;66353924.49618299;5;3158602358
841;662.0918774891396;281150103.4730488;74;2903938331
842;854.5097720406145;365121566.54685533;2;162027015
843;564.678256008016;97099065.40978834;62;7488041325
844;8.054425310666968;495980197.08834505;62;9955002981
845;44.201377615199156;1185273.9843962346;0;9960347103
846;469.0213383689773;705785898.3860211;44;80393230
847;645.1303840246031;417017670.8738884;66;1684266248
848;592.2920417571493;680563333.9197295;37;1460007520
849;327.8850275566942;237898905.45869312;79;1027341330
850;106.43995785294669;605952748.4548922;94;8232517104
851;204.65814905931262;26551417.42831213;89;2721265110
852;448.70982551718856;819436559.4139822;56;1671224489
853;137.4979031099701;20133404.100564156;13;1940964276
854;326.5913368999224;416272730.17508334;81;5467450915
855;564.8576799227083;303235986.72282684;76;3551543823
856;192.0549070884667;431779904.4222668;63;1315646336
857;879.6194788028683;825690756.2380109;6;5618624025
858;445.43831516111703;344569232.9277957;76;7209195273
859;584.5655499816396;743747425.1353508;55;8996449475
860;346.6166007863173;118591912.70159954;27;7188705501
861;775.944981903814;689954751.7329862;34;2701638557
862;766.0587961017309;838430776.2610627;59;2693891948
863;613.4856113935547;504759211.5006967;56;956267219
864;524.9179484129612;462390573.2607649;72;9530151056
865;339.4318089050283;422600406.57761294;24;5414562263
866;779.2539787545091;521190961.5378999;14;1338446073
867;838.7882855000039;690137793.9095107;41;823581897
868;268.2808279637858;76455091.91258776;32;4635911183
869;891.6326645559695;429204401.7478128;98;6963773292
870;52.32884647205088;397235585.8747031;94;6128608367
871;445.4456409786741;569763966.7105538;57;9338588416
872;569.210049617405;38301241.04230351;15;718319357
873;863.6017686834003;937744144.0905125;89;2106057601
874;780.8725461898381;245432066.67380056;11;3346784941
875;845.5502327301155;479092886.5904865;5;4966206259
876;442.00693414986074;485063304.8326718;10;5195373489
877;168.18358365391288;996039635.5891463;13;7030418696
878;605.3280280722946;997140188.3180997;77;1448466698
879;6.490239061881218;530782078.33298665;52;3624803350
880;991.0051069479603;870899673.2738602;60;6456808963
881;559.8252086239108;558378254.0914042;7;9354150198
882;559.0742522569037;546306367.7456232;18;3285909282
883;219.18951739626556;964726634.2242719;30;5663477735
884;831.9898034725171;813481979.7829102;66;7385125481
885;611.0245204054893;887905454.0992866;54;4028778284
886;223.91549039262983;698987196.9679954;88;1694297330
887;185.61544620921413;248457593.7863037;81;3852799756
888;371.89724728912836;8361686.126994277;10;5484512982
889;853.7604240472734;234793944.24519095;62;9388689147
890;426.66858003551175;40030008.479556635;46;3228882578
891;285.1445971893746;640683189.2819849;77;6512116766
892;487.9480571111814;572362334.471377;71;5673443745
893;171.61089477070803;634599085.4065701;15;2839450895
894;857.3107030258034;140637070.39872798;42;5014369465
895;110.95730560092986;368415743.6108405;100;318726462
896;386.6595766659073;437159252.1641007;74;5654325193
897;202.7131520155827;133542022.39685424;87;4284911184
898;997.3461765514136;51012585.56993871;53;8940423487
899;71.44882162267642;104675446.08237478;8;8158770354
900;265.9149343930974;866243917.1673312;72;7466811995
901;372.8174303303813;795460245.6700901;66;8295594253
902;65.06807619980835;56154515.25294717;90;9628205521
903;248.9541494853675;178291526.42142585;59;2550469639
904;297.4219354773627;617530012.6216011;96;2144249547
905;78.69762295839011;790597997.6534501;93;7072348506
906;670.053379366925;527511870.88108146;35;4279349019
907;844.4664314993923;580203213.1447296;70;866437190
908;327.2183477745442;415147230.1424787;4;4375247754
909;585.9442962773444;811028796.0464853;56;5322237036
910;209.73468615917585;342380491.2862704;75;6237885507
911;62.68980580407074;261235383.70324856;92;6542253950
912;192.82769109006384;471158990.1121346;5;8995132083
913;124.8968023476005;345946000.8997569;41;5040106132
914;720.3500582314279;168455166.19839397;52;959173025
915;144.86044014673462;452896239.72259307;68;4704581634
916;885.5338857832933;271126162.1105607;79;5067606791
917;997.6475080082328;284219595.90703994;91;8451268422
918;128.0552488636528;398178419.834063;21;2919952094
919;911.9266989083462;346581008.2194854;53;1380223948
920;892.0349346378147;117936810.57571205;71;7409662045
921;690.8444655111588;763291188.2279607;79;3459413445
922;114.6772276485517;7850987.977358426;48;4332986676
923;52.99799297399096;192518622.90009996;2;7132328781
924;441.7514025306676;426171694.90890354;40;9557089065
925;570.675859422481;40436830.47226896;30;35958083
926;368.3090600713543;833768768.5403341;86;3126786266
927;832.8401760339353;542191404.2132393;43;9605657831
928;878.7302279534136;349211806.794695;32;4341035569
929;695.922628615496;818333185.8230258;97;3652106624
930;524.9504642718268;389543706.7503037;6;1500077568
931;225.31155522664315;783534570.663067;46;2912064782
932;162.90918414095177;957315254.6282785;77;6858085690
933;722.184055679411;927311553.72367;11;2473778598
934;851.2909629820416;860855239.9204879;91;913147317
935;687.4941324876833;503983333.318516;11;9342427358
936;955.3510835439336;683652576.1403956;52;6864946567
937;802.9719696376367;146466399.78503698;93;1618924547
938;224.66510210925816;511552813.50485957;1;1065854182
939;479.3621155167998;562525765.1510442;29;2346129196
940;903.3479603154202;469479824.6055822;4;5521102066
941;472.60662404126754;735460077.7161376;67;2853233047
942;597.2589212937294;561024668.5595644;52;4000337976
943;320.57940309949487;133183145.21746467;45;7136512291
944;784.273282621225;450378941.19211125;93;9467516937
945;185.1101170542558;120787055.32877761;89;3796917209
946;946.9635815032914;303493762.68281156;20;250804466
947;849.0354940649034;155417367.01847562;3;9569559750
948;664.5737652001101;820935441.4926184;50;1336791342
949;415.0117452500147;935124943.445106;86;3983889855
950;423.0538009536507;589083059.949678;44;4411884844
951;984.1148858092271;812226086.8857322;59;1294549874
952;786.3762695061025;140302368.67171818;23;8163449674
953;692.3410580590747;435901262.75499076;80;6361196547
954;233.64311253840722;494339555.9075156;79;6054545615
955;34.313005576354456;49280108.24479665;28;6640107820
956;834.9472017094911;342890082.85076785;22;5098600334
957;820.4041503728635;52651908.523965314;69;1772552433
958;217.72186368624676;115268288.89286806;37;5903705337
959;677.6891420160081;108132600.57861973;24;6933780757
960;161.6819503711898;416308369.79773694;18;456949431
961;270.2032615052378;811068703.9970719;53;4715578317
962;650.248075138038;35240294.28175415;73;3431496013
963;31.084486228968817;588846296.9937129;71;2091614856
964;539.6337646174638;464485283.25364184;57;309367964
965;953.0622516119606;951727962.4319078;24;2955453465
966;153.34370825939465;205329340.2596317;86;4098384824
967;860.7338097702283;358672304.0858851;32;2344489798
968;233.0179330677076;542023131.0436784;91;8455974890
969;780.8968335688692;618974235.2902609;37;8007228943
970;680.1109514575799;539709493.2188895;95;1718619142
971;995.811738995555;963310314.2431257;99;2229836931
972;250.2253828757305;736863532.8922201;8;7813307254
973;915.4656925408646;212775854.88956824;74;8248676160
974;331.8432602685539;693790020.425597;53;5274106717
975;39.57025156567225;507653625.84230024;41;8232259333
976;667.6591181822255;407213899.0937681;51;3257577471
977;79.94189368117667;729460277.9762192;61;4629998302
978;593.8112836084922;173616375.39774632;92;9037368213
979;745.6002173003533;309203147.35131055;52;3668548761
980;603.6214608952799;207437396.9362265;32;6512092554
981;923.747374277208;712814402.2005832;91;6528629863
982;50.38128095761664;131398578.04436149;84;2824380499
983;840.8114310137115;557097484.653031;92;7566567588
984;36.37844141419365;625426437.3227025;55;9178307062
985;665.0548583670272;798504621.9214399;3;7375557315
986;100.16373775049927;887397081.4786998;9;4421621536
987;818.6900025805779;608493023.3507817;48;5106034391
988;970.0463033329669;274187978.05092824;26;1703358914
989;478.6159506521573;931131925.1839832;71;8458641360
990;859.6094995266523;669878337.3261322;3;7890363561
991;347.54637806718637;521618333.15584576;67;9921657996
992;895.8766409999273;839294045.6739707;57;4582235161
993;170.98014264263836;870144202.658233;20;5820120449
994;287.3632335715084;601874782.8447312;45;7589499790
995;990.7379454052733;208105611.0368479;39;6738790199
996;79.20072285624677;959807426.2847214;72;5707639037
997;534.1144759760937;386991367.1441153;69;2088287011
998;686.1425474182894;26808186.965084832;70;1115209092
999;923.2777550905579;356669098.68995374;52;6300134461
1000;284.0079406834102;70183506.41993888;46;6351759261
